date_time|name|feed
2022-2-19 17:23|Belyakov Andrey|Дороговато за 19" и есть засветы на чёрном фоне (((
2022-2-19 18:20|Сидоров Олег|Дизайн устаревший
2022-2-20 21:34|Сашко Олеся|Хороший безрамочный IPS моник за свои деньги
2022-2-20 21:44|Беляков Андрей|Попался с битым пикселем
2022-3-20 21:46|Иванов Порфирий|Опыт использования менее месяца, полёт нормальный, всё устраивает
2022-3-20 21:47|Елисеев Иван|Не отключается режим энергосбережения.
2022-3-20 21:56|Акопян Амаяк|Дизайн норм, можно брать, использую как второй монитор...
2022-5-22 12:37|Яшин Иван|Компактный, прочная ножка. Можно поворачивать вертикально. На столе занимает мало места. Кнопочки сенсорные.
2022-5-26 10:37|123|нормально
2022-5-26 10:55|Иван Иванов|Пойдет2022-5-27 10:18||